"id","rt_speed","rt_accuracy","corr_speed","corr_accuracy","rt_speed_left","rt_speed_right","rt_accuracy_left","rt_accuracy_right","corr_speed_left","corr_speed_right","corr_accuracy_left","corr_accuracy_right"
"sub-10209782",1.31284464999953,1.33935520666613,0.866666666666667,0.766666666666667,1.68096812999963,0.944721169999442,1.54200278333277,1.13670762999948,0.766666666666667,0.966666666666667,0.6,0.933333333333333
"sub-10860809",0.594038429833138,2.05872823678231,0.5,0.816666666666667,0.603633703399585,0.584443156266692,2.43343749103248,1.68401898253214,0.533333333333333,0.466666666666667,0.733333333333333,0.9
"sub-11628277",1.73842538333333,2.428700545,0.683333333333333,0.783333333333333,2.04228453,1.43456623666667,2.69459815333333,2.16280293666667,0.5,0.866666666666667,0.766666666666667,0.8
"sub-11764630",0.361518876272416,0.776386889830573,0.474576271186441,0.559322033898305,0.380673440000586,0.341703810346722,0.800895476666726,0.751033179310416,0.366666666666667,0.586206896551724,0.4,0.724137931034483
"sub-11874807",0.815241510159004,1.56627738999669,0.88135593220339,0.933333333333333,0.855972758606719,0.775867969992881,1.79192574666037,1.340629033333,0.827586206896552,0.933333333333333,0.9,0.966666666666667
"sub-12063050",1.00891073333333,1.44143007166667,0.916666666666667,0.883333333333333,0.98154709,1.03627437666667,1.36220359333333,1.52065655,0.833333333333333,1,0.866666666666667,0.9
"sub-12604325",1.1160537246,1.34451044381356,0.7,0.627118644067797,1.1416275956,1.0904798536,1.16063874296552,1.52225308796667,0.666666666666667,0.733333333333333,0.551724137931034,0.7
"sub-13237045",1.13128498,0.918235636666667,0.816666666666667,0.866666666666667,0.94600975,1.31656021,0.746847093333333,1.08962418,0.9,0.733333333333333,0.933333333333333,0.8
"sub-13337405",1.40524866871667,1.68197353123333,0.533333333333333,0.566666666666667,1.40769447353333,1.4028028639,1.63027786383333,1.73366919863333,0.5,0.566666666666667,0.533333333333333,0.6
"sub-13362877",1.87823295931715,2.48638333708332,0.916666666666667,0.783333333333333,2.03995605313394,1.71650986550036,2.72601091316731,2.24675576099932,0.866666666666667,0.966666666666667,0.7,0.866666666666667
"sub-13435493",0.909472146667152,3.23390383636473,0.833333333333333,0.745454545454545,0.959286243334646,0.859658049999659,3.28869323928562,3.17708519629862,0.8,0.866666666666667,0.714285714285714,0.777777777777778
"sub-1408686",1.31950984,1.05770296101695,0.65,1,1.21601559333333,1.42300408666667,0.848570853333333,1.27404652068966,0.833333333333333,0.466666666666667,1,1
"sub-14106666",1.58340800666667,1.45670410338983,0.583333333333333,0.677966101694915,1.67291311,1.49390290333334,1.37484751000001,1.54138333793103,0.566666666666667,0.6,0.633333333333333,0.724137931034483
"sub-14340400",1.52250372500857,1.57876992881124,0.8,0.915254237288136,1.43143117333141,1.61357627668573,1.77261691379907,1.39138450998968,0.8,0.8,0.862068965517241,0.966666666666667
"sub-14887818",0.622513789383811,1.03473536519935,0.65,0.683333333333333,0.607259471698004,0.637768107069618,1.06487443189641,1.00459629850229,0.6,0.7,0.733333333333333,0.633333333333333
"sub-15164841",2.7378442333337,3.26331323898354,0.766666666666667,0.508474576271186,2.40051111333208,3.07517735333531,3.29103036333399,3.23464035172445,0.833333333333333,0.7,0.466666666666667,0.551724137931034
"sub-15351427",1.0039943680834,0.976596914383436,0.5,0.533333333333333,0.989708229400063,1.01828050676674,0.899479503933465,1.05371432483341,0.566666666666667,0.433333333333333,0.633333333333333,0.433333333333333
"sub-1592798",0.882844605,1.12297784166667,0.916666666666667,0.916666666666667,0.746005183333333,1.01968402666667,1.05986570333333,1.18608998,0.9,0.933333333333333,0.966666666666667,0.866666666666667
"sub-16176867",0.809623043333333,1.36308841166667,0.883333333333333,0.966666666666667,0.794509753333356,0.824736333333309,1.32053623000001,1.40564059333332,0.9,0.866666666666667,1,0.933333333333333
"sub-16449005",1.16996090655097,1.9278617401191,0.431034482758621,0.542372881355932,1.12073436917151,1.21918744393042,2.09225741382849,1.76894592220003,0.413793103448276,0.448275862068966,0.344827586206897,0.733333333333333
"sub-16526937",1.19784739235959,1.17044693793533,0.55,0.711864406779661,1.19778082360669,1.1979139611125,1.08976763498102,1.24843693079116,0.266666666666667,0.833333333333333,0.896551724137931,0.533333333333333
"sub-16853779",0.809404221379996,0.828123033253683,0.928571428571429,0.944444444444444,0.791323930777323,0.82507380656898,0.841686454474587,0.806809085620833,0.923076923076923,0.933333333333333,1,0.857142857142857
"sub-17504090",0.937603075000273,2.46363153500042,0.716666666666667,0.583333333333333,0.894685660000565,0.98052048999998,2.28684779666728,2.64041527333356,0.666666666666667,0.766666666666667,0.6,0.566666666666667
"sub-18479025",1.75315993333333,2.27409885517241,0.85,0.758620689655172,1.80777569333333,1.69854417333333,2.63266247586207,1.91553523448276,0.833333333333333,0.866666666666667,0.655172413793103,0.862068965517241
"sub-1853373",3.25419082241379,4.71032016779661,0.758620689655172,0.745762711864407,3.2121331,3.29344469666667,4.72380298666667,4.69637242413793,0.535714285714286,0.966666666666667,0.566666666666667,0.931034482758621
"sub-19038497",1.16325304333333,1.56095457118644,0.933333333333333,0.711864406779661,1.26431820333333,1.06218788333333,1.622671,1.49710998965517,0.866666666666667,1,0.633333333333333,0.793103448275862
"sub-190528",1.34445161760232,5.59186535637786,0.716666666666667,0.754716981132076,1.45863616073718,1.23026707446746,5.63895910270232,5.54296031211785,0.666666666666667,0.766666666666667,0.666666666666667,0.846153846153846
"sub-19450893",2.44467941424999,5.68954817210348,0.55,0.724137931034483,2.41952590919997,2.46983291930001,5.71103522247064,5.65910818408334,0.633333333333333,0.466666666666667,0.764705882352941,0.666666666666667
"sub-19846406",0.74855936,1.36303278333333,0.733333333333333,0.7,0.727237866666667,0.769880853333333,1.38476005333333,1.34130551333333,0.666666666666667,0.8,0.933333333333333,0.466666666666667
"sub-19860756",0.577930820001832,1.18801752999813,0.716666666666667,0.8,0.565765503347696,0.590096136655969,1.20827374000413,1.16776131999213,0.733333333333333,0.7,0.8,0.8
"sub-20412253",0.978162343332467,2.04790702500056,0.75,0.933333333333333,1.03616670666621,0.920157979998719,2.04164815000113,2.05416589999998,0.866666666666667,0.633333333333333,0.966666666666667,0.9
"sub-2048113",1.593909765,1.73547508833333,0.933333333333333,0.933333333333333,1.66406537333333,1.52375415666667,1.51586330333333,1.95508687333333,0.966666666666667,0.9,0.933333333333333,0.933333333333333
"sub-21130454",0.846357058333333,1.255943745,0.766666666666667,0.683333333333333,0.859794976666667,0.83291914,1.27725176666667,1.23463572333333,0.8,0.733333333333333,0.666666666666667,0.7
"sub-2134423",1.22810314870827,1.65279714861341,0.683333333333333,0.65,1.29440744040379,1.16179885701276,1.5540572624576,1.75153703476923,0.633333333333333,0.733333333333333,0.633333333333333,0.666666666666667
"sub-21582383",2.38921152731049,3.38010186632047,0.96551724137931,1,2.22796678658628,2.55045626803471,3.60140881216709,3.17581853169283,0.96551724137931,0.96551724137931,1,1
"sub-2169005",1.25289177832504,2.38142840535563,0.683333333333333,0.892857142857143,1.17375788332041,1.33202567332968,2.0297612655097,2.75914496296793,0.9,0.466666666666667,0.931034482758621,0.851851851851852
"sub-22661860",2.550743295,3.47166380666667,0.483333333333333,0.6,2.48626439666667,2.61522219333333,3.20237337666667,3.74095423666667,0.433333333333333,0.533333333333333,0.5,0.7
"sub-24535792",0.956087996666667,2.21566348983051,0.766666666666667,0.847457627118644,0.899584496666667,1.01259149666667,1.95959213666667,2.48056488965517,0.766666666666667,0.766666666666667,0.9,0.793103448275862
"sub-24809399",0.856995666666667,2.59271284736842,0.85,0.964912280701754,0.98535121,0.728640123333333,2.58152431785714,2.60351556551724,0.733333333333333,0.966666666666667,0.964285714285714,0.96551724137931
"sub-25940864",0.629997315649962,1.15172594124967,0.616666666666667,0.9,0.65804517323304,0.601949458066883,1.18084535846635,1.12260652403299,0.733333333333333,0.5,0.9,0.9
"sub-26067668",1.65053852033898,2.44437584067797,0.847457627118644,0.796610169491525,1.60190659310345,1.69754938333333,2.10265938,2.79787562758621,0.827586206896552,0.866666666666667,0.966666666666667,0.620689655172414
"sub-26427671",0.621596199983226,1.10804543196634,0.883333333333333,0.883333333333333,0.637533395766513,0.605659004199939,1.07907847369861,1.13701239023406,0.8,0.966666666666667,0.866666666666667,0.9
"sub-26548463",1.31030187500007,2.06481133166672,0.883333333333333,0.75,1.39196800000015,1.22863574999998,2.10573229666697,2.02389036666646,1,0.766666666666667,0.766666666666667,0.733333333333333
"sub-28007356",0.83172087999798,0.872333918331424,0.8,0.6,0.886578093337205,0.776863666658755,0.855338126665447,0.889329709997401,0.8,0.8,0.3,0.9
"sub-2804799",2.53202891115,4.42155318433898,0.633333333333333,0.694915254237288,2.6008141793,2.463243643,4.2585252932,4.59020272689655,0.7,0.566666666666667,0.7,0.689655172413793
"sub-28151156",0.911570494999372,0.922896040001069,0.9,0.95,0.939446406666442,0.883694583332302,0.827608590001182,1.01818349000096,0.866666666666667,0.933333333333333,1,0.9
"sub-28938294",3.58180053833333,3.39782281724138,0.766666666666667,0.844827586206897,3.32303586333333,3.84056521333333,3.32859626666667,3.47199412142857,0.766666666666667,0.766666666666667,0.766666666666667,0.928571428571429
"sub-29667832",0.98873751105,1.2623950986,0.566666666666667,0.55,0.985397320733333,0.992077701366667,1.3556392083,1.1691509889,0.566666666666667,0.566666666666667,0.466666666666667,0.633333333333333
"sub-29988765",1.27933846500043,1.74969831000247,0.8,0.666666666666667,1.30726216666808,1.25141476333277,1.79543072999998,1.70396589000496,0.633333333333333,0.966666666666667,0.533333333333333,0.8
"sub-30377336",0.841513986982729,0.842263084976003,0.869565217391304,0.9,0.845985349966213,0.838074476995434,0.822351824957878,0.87212997500319,0.9,0.846153846153846,1,0.75
"sub-30441177",2.33345410623588,4.28185981321537,0.666666666666667,0.566666666666667,2.25720355836675,2.40970465410501,4.53396184170463,4.0297577847261,0.633333333333333,0.7,0.566666666666667,0.566666666666667
"sub-30500314",1.68532548415,2.69546565635593,0.733333333333333,0.898305084745763,1.66803731766667,1.70261365063333,2.29725251072414,3.08040503046667,0.7,0.766666666666667,0.896551724137931,0.9
"sub-30510620",3.42043803944986,3.39771150361648,0.65,0.716666666666667,3.30071946629978,3.54015661259994,3.59822894809998,3.19719405913299,0.666666666666667,0.633333333333333,0.7,0.733333333333333
"sub-30897608",2.10664744395035,2.32128363449835,0.783333333333333,0.916666666666667,2.14945324223324,2.06384164566746,2.51182378936598,2.13074347963072,0.8,0.766666666666667,0.9,0.933333333333333
"sub-31317724",1.8165381264,4.74071523901754,0.55,0.578947368421053,1.74555247363333,1.88752377916667,4.54290324557143,4.93170612924138,0.633333333333333,0.466666666666667,0.571428571428571,0.586206896551724
"sub-31399458",0.785013616564295,2.83623104384939,0.916666666666667,0.932203389830508,0.847073447130969,0.722953785997621,3.00533993548417,2.6727591152691,0.833333333333333,1,0.931034482758621,0.933333333333333
"sub-31721041",0.571638991583333,2.25839233506667,0.483333333333333,0.383333333333333,0.5420921698,0.601185813366667,2.1471055766,2.36967909353333,0.366666666666667,0.6,0.366666666666667,0.4
"sub-32984700",3.09763636949356,3.31413921277864,0.389830508474576,0.644067796610169,3.19819204773618,2.99361325407015,3.39932729039671,3.2260136152427,0.366666666666667,0.413793103448276,0.566666666666667,0.724137931034483
"sub-33160333",2.24831927166718,2.02411661525375,0.733333333333333,0.644067796610169,2.23904375000081,2.25759479333356,2.05404759655056,1.9951833333335,0.733333333333333,0.733333333333333,0.620689655172414,0.666666666666667
"sub-3341884",0.683410348336717,0.70715960500238,0.9,0.933333333333333,0.688235006669614,0.67858569000382,0.744025613340394,0.670293596664366,0.9,0.9,0.933333333333333,0.933333333333333
"sub-33561202",0.805536868333333,1.97504093220339,0.883333333333333,0.898305084745763,0.80281636,0.808257376666667,1.96586910344828,1.98390703333333,0.866666666666667,0.9,0.862068965517241,0.933333333333333
"sub-33866380",1.12179729044777,3.12610651311868,0.816666666666667,0.827586206896552,1.14615826569789,1.09743631519765,3.15368272567658,3.1003687147313,0.8,0.833333333333333,0.785714285714286,0.866666666666667
"sub-34644465",1.71115971666667,2.79774289894915,0.616666666666667,0.610169491525424,1.8477362834,1.57458314993333,2.85159426796667,2.74203458617241,0.7,0.533333333333333,0.666666666666667,0.551724137931034
"sub-34674682",1.67763817403333,3.12805306343333,0.766666666666667,0.783333333333333,1.63426474976667,1.7210115983,3.1138331825,3.14227294436667,0.866666666666667,0.666666666666667,0.966666666666667,0.6
"sub-34745792",1.01458505833333,1.12594266,0.9,0.983333333333333,1.00212050666667,1.02704961,1.01630624666667,1.23557907333333,0.833333333333333,0.966666666666667,1,0.966666666666667
"sub-35196879",0.604615371671389,1.40603685500294,0.633333333333333,0.75,0.575588210000812,0.633642533341966,1.32435714333939,1.48771656666649,0.7,0.566666666666667,0.766666666666667,0.733333333333333
"sub-35324618",1.91365357645,2.08076809905012,0.6,0.633333333333333,1.84479092186678,1.98251623103321,2.07112411720003,2.09041208090021,0.6,0.6,0.6,0.666666666666667
"sub-35949883",1.00705273166629,2.75618008500023,0.5,0.666666666666667,1.16520854999884,0.848896913333738,2.63844502666713,2.87391514333334,0.533333333333333,0.466666666666667,0.7,0.633333333333333
"sub-36045142",1.50191427158279,1.28086650073015,0.85,0.644067796610169,1.3313703194668,1.67245822369878,1.14431404593536,1.42212766086269,0.8,0.9,0.7,0.586206896551724
"sub-36155221",1.45376920333333,2.445916515,0.85,0.966666666666667,1.51021084666667,1.39732756,2.69393332666667,2.19789970333333,0.833333333333333,0.866666666666667,0.966666666666667,0.966666666666667
"sub-36789436",0.8990874309,1.09301490411667,0.9,0.883333333333333,0.878124152166667,0.920050709633333,0.970991258433333,1.2150385498,0.9,0.9,0.966666666666667,0.8
"sub-36805088",1.36812922166667,2.94173119333333,0.683333333333333,0.866666666666667,1.30597933666667,1.43027910666667,2.7806622,3.10280018666667,0.733333333333333,0.633333333333333,0.833333333333333,0.9
"sub-36817827",3.62054743053353,4.25534761226065,0.75,0.745762711864407,3.4870623722362,3.75403248883085,4.33991353193608,4.16786562638951,0.733333333333333,0.766666666666667,0.733333333333333,0.758620689655172
"sub-36957691",1.77171573063582,3.24389434293143,0.783333333333333,0.745762711864407,1.85327957447153,1.69015188680011,3.1194846643329,3.37259401044716,0.766666666666667,0.8,0.733333333333333,0.758620689655172
"sub-37292043",2.17937409491239,2.89116071345947,0.745762711864407,0.846153846153846,2.15201853792552,2.20581779999969,2.7934939962967,2.99664076799527,0.724137931034483,0.766666666666667,0.814814814814815,0.88
"sub-37442833",0.693991102250099,0.916171396183275,0.883333333333333,0.983333333333333,0.726583747133464,0.661398457366734,1.00615924513331,0.826183547233238,0.833333333333333,0.933333333333333,0.966666666666667,1
"sub-37618142",1.91039493386658,1.84467342798392,0.866666666666667,0.8,1.88974178650023,1.93104808123292,1.75430820113421,1.93503865483362,0.833333333333333,0.9,0.8,0.8
"sub-38551052",2.55577140169537,4.88956855833264,0.728813559322034,0.611111111111111,2.92592962000102,2.17284910689642,4.88385547222101,4.89528164444427,0.733333333333333,0.724137931034483,0.666666666666667,0.555555555555556
"sub-38556299",1.27245255333333,2.18111833833333,0.866666666666667,0.8,1.34997475333333,1.19493035333333,2.20878893,2.15344774666667,0.9,0.833333333333333,0.833333333333333,0.766666666666667
"sub-38572447",1.63556424148333,4.44095874528571,0.766666666666667,0.595238095238095,1.66088689643333,1.61024158653333,4.5156746382381,4.36624285233333,0.833333333333333,0.7,0.523809523809524,0.666666666666667
"sub-38574447",2.58751372833333,2.49703838333333,0.9,0.95,2.29270130333333,2.88232615333333,2.72282017333333,2.27125659333333,0.966666666666667,0.833333333333333,0.966666666666667,0.933333333333333
"sub-38628859",2.66204931500106,2.90577525666668,0.75,0.716666666666667,2.52761805333284,2.79648057666927,3.06755423333428,2.74399627999907,0.733333333333333,0.766666666666667,0.733333333333333,0.7
"sub-38718001",0.597557265066663,2.66676593377964,0.466666666666667,0.559322033898305,0.547436373300013,0.647678156833312,2.8204950452333,2.50773581848276,0.5,0.433333333333333,0.7,0.413793103448276
"sub-39051856",0.813833996667623,5.5122329084764,0.616666666666667,0.627118644067797,0.80162855333765,0.826039439997597,5.52676734666941,5.49719728275949,0.533333333333333,0.7,0.633333333333333,0.620689655172414
"sub-39692743",0.89721476,1.12524394833333,0.933333333333333,0.95,0.881841233333333,0.912588286666667,0.857501273333333,1.39298662333333,0.966666666666667,0.9,1,0.9
"sub-39929954",1.05531498766667,1.33855088216667,0.55,0.566666666666667,1.1329592133,0.977670762033333,1.22550588993333,1.4515958744,0.466666666666667,0.633333333333333,0.533333333333333,0.6
"sub-40276959",2.21363385353858,1.7968896857672,0.416666666666667,0.542372881355932,1.78248056949427,2.6447871375829,1.77527057643747,1.81925428162554,0.466666666666667,0.366666666666667,0.466666666666667,0.620689655172414
"sub-40287356",1.06057168000007,1.84842585138972,0.833333333333333,0.88135593220339,0.992372405066756,1.12877095493338,1.93129674493321,1.76269734082748,0.933333333333333,0.733333333333333,0.933333333333333,0.827586206896552
"sub-41002905",0.694360639500277,1.31300405110183,0.783333333333333,0.728813559322034,0.698259701066612,0.690461577933941,1.23274982460013,1.39602566472428,0.766666666666667,0.8,0.933333333333333,0.517241379310345
"sub-41533258",1.20301465,1.12122229166667,0.816666666666667,0.766666666666667,1.22803002666667,1.17799927333333,1.17203339666667,1.07041118666667,0.866666666666667,0.766666666666667,0.766666666666667,0.766666666666667
"sub-4160790",1.78733841666667,2.60312262666667,0.85,0.9,1.79864953333333,1.7760273,2.74608840666667,2.46015684666667,0.766666666666667,0.933333333333333,0.833333333333333,0.966666666666667
"sub-42021012",0.777656433333333,1.64433592,0.75,0.8,0.783005456666667,0.77230741,1.60049223,1.68817961,0.733333333333333,0.766666666666667,0.9,0.7
"sub-42083036",1.50754948813332,2.27256926410001,0.616666666666667,0.6,1.30725346710002,1.70784550916662,2.33865058496668,2.20648794323333,0.6,0.633333333333333,0.566666666666667,0.633333333333333
"sub-42128512",0.902175884933333,1.60722815018644,0.866666666666667,0.847457627118644,1.17551522686667,0.628836543,1.6962291942069,1.52119380763333,0.833333333333333,0.9,0.793103448275862,0.9
"sub-4228048",1.01530242340026,1.32631877973375,0.433333333333333,0.566666666666667,0.945982155133727,1.08462269166679,1.35183092260025,1.30080663686725,0.4,0.466666666666667,0.566666666666667,0.566666666666667
"sub-42588133",0.702582396667276,0.616748411666777,0.9,0.783333333333333,0.738089810000868,0.667074983333684,0.583125723333312,0.650371100000242,0.966666666666667,0.833333333333333,0.833333333333333,0.733333333333333
"sub-43340183",0.708163742234562,0.664970233032849,0.616666666666667,0.65,0.673756214103196,0.742571270365928,0.60032998136691,0.729610484698788,0.633333333333333,0.6,0.633333333333333,0.666666666666667
"sub-43368609",1.087205445,1.65709714833333,0.75,0.733333333333333,1.07577233666667,1.09863855333333,1.78861649,1.52557780666667,0.6,0.9,0.5,0.966666666666667
"sub-43527187",2.52954272151716,2.93076553328271,0.616666666666667,0.7,2.6874169569334,2.37166848610092,2.63930788879904,3.22222317776638,0.633333333333333,0.6,0.733333333333333,0.666666666666667
"sub-43650372",0.562250421626959,1.39469077564427,0.483333333333333,0.616666666666667,0.54251598213256,0.581984861121358,1.35486707775854,1.43451447353,0.4,0.566666666666667,0.533333333333333,0.7
"sub-43863186",1.15581819322034,1.24952162833342,0.898305084745763,0.9,1.26337148965518,1.05185000666667,1.43207422666662,1.06696903000023,0.862068965517241,0.933333333333333,0.9,0.9
"sub-43882201",2.89970562333401,3.51899591754466,0.916666666666667,0.912280701754386,3.66695552000116,2.13245572666686,4.0616883448288,2.95692161785753,0.866666666666667,0.966666666666667,0.862068965517241,0.964285714285714
"sub-43903707",1.49429554666082,1.66227990000161,0.883333333333333,0.949152542372881,1.42674898999588,1.56184210332576,1.65797475173845,1.66644154332268,0.866666666666667,0.9,0.96551724137931,0.933333333333333
"sub-4394992",1.895021235,2.51556468333333,0.533333333333333,0.816666666666667,1.68366014,2.10638233,2.79807440333333,2.23305496333333,0.466666666666667,0.6,0.733333333333333,0.9
"sub-44032898",1.28204289666667,2.93050221724138,1,0.931034482758621,1.51306106,1.05102473333333,2.64851458965517,3.21248984482759,1,1,0.931034482758621,0.931034482758621
"sub-44305067",1.28233181333333,2.265930755,0.55,0.666666666666667,1.25731479,1.30734883666667,2.37637723,2.15548428,0.533333333333333,0.566666666666667,0.6,0.733333333333333
"sub-44498920",2.3223161783341,3.0657210936324,0.7,0.914893617021277,2.30108493999966,2.34354741666854,2.71566292001866,3.46351447273892,0.766666666666667,0.633333333333333,0.96,0.863636363636364
"sub-44630367",0.620208808333333,1.32341641525424,0.9,0.949152542372881,0.562057746666667,0.67835987,1.29662137931034,1.34931828333333,0.966666666666667,0.833333333333333,0.96551724137931,0.933333333333333
"sub-4470212",1.71992353046541,1.69045730246701,0.716666666666667,0.65,1.91668436349864,1.52316269743217,1.72766697526822,1.65324762966581,0.833333333333333,0.6,0.6,0.7
"sub-45137912",1.72086771864689,2.21334888070634,0.898305084745763,0.912280701754386,1.72618786897109,1.71572490666682,2.39679025000272,2.0095251370437,0.862068965517241,0.933333333333333,0.966666666666667,0.851851851851852
"sub-45601361",1.01581433,1.41940107323333,0.716666666666667,0.683333333333333,1.0194054565,1.0122232035,1.5532235666,1.28557857986667,0.6,0.833333333333333,0.7,0.666666666666667
"sub-45732510",0.823295025,2.7104910220339,0.633333333333333,0.525423728813559,0.824487956666667,0.822102093333333,2.93383890344828,2.49458807,0.7,0.566666666666667,0.517241379310345,0.533333333333333
"sub-45783025",2.84712768833333,3.35964631694915,0.8,0.898305084745763,2.77624142333333,2.91801395333333,3.39249236896552,3.32789513333333,0.8,0.8,0.96551724137931,0.833333333333333
"sub-46202994",1.13782762706668,2.18950910543334,0.733333333333333,0.8,1.03066917643325,1.24498607770011,2.2715293207,2.10748889016668,0.666666666666667,0.8,0.766666666666667,0.833333333333333
"sub-46407616",0.706013636655795,0.813880646593291,0.633333333333333,0.568965517241379,0.757632103314002,0.654395169997588,0.823614344867909,0.804146948318672,0.566666666666667,0.7,0.482758620689655,0.655172413793103
"sub-46587945",1.67808158825136,2.67064624514147,0.508474576271186,0.491525423728814,1.67521512781366,1.6808525000078,2.79974300283939,2.53709787510913,0.655172413793103,0.366666666666667,0.633333333333333,0.344827586206897
"sub-47181058",1.04901430598333,2.3284147819322,0.7,0.779661016949153,0.918918458533333,1.17911015343333,2.04771887093103,2.59975416256667,0.733333333333333,0.666666666666667,0.689655172413793,0.866666666666667
"sub-47271526",1.68203303833333,1.79630950508475,0.683333333333333,0.694915254237288,1.63544753,1.72861854666667,1.76319126206897,1.82832380666667,0.6,0.766666666666667,0.620689655172414,0.766666666666667
"sub-47415457",0.944723815000422,0.864828390004307,0.733333333333333,0.816666666666667,0.953115226665977,0.936332403334866,0.89942920000758,0.830227580001034,0.733333333333333,0.733333333333333,0.8,0.833333333333333
"sub-47641105",2.2129051599962,2.01175802034105,0.8,0.88135593220339,2.28838502666525,2.13742529332715,1.99379103333922,2.0303445586188,0.8,0.8,0.866666666666667,0.896551724137931
"sub-47813663",1.64603200076575,4.00035132784655,0.616666666666667,0.62962962962963,1.69146155289879,1.60060244863271,4.31024004603803,3.66662501594804,0.633333333333333,0.6,0.714285714285714,0.538461538461538
"sub-48018015",2.09726520835006,4.9725434307879,0.8,0.696969696969697,2.10883972446676,2.08569069223337,5.12528802810524,4.76524719157149,0.833333333333333,0.766666666666667,0.631578947368421,0.785714285714286
"sub-48177911",2.64048469491525,2.66538462711864,0.847457627118644,0.677966101694915,2.80104851034483,2.48527300666667,2.65087596896552,2.67940966333333,0.896551724137931,0.8,0.724137931034483,0.633333333333333
"sub-48854097",2.61373953833305,3.53870510677913,0.683333333333333,0.88135593220339,2.95399750333309,2.27348157333302,3.94544282666708,3.11794194827435,0.7,0.666666666666667,0.833333333333333,0.931034482758621
"sub-49426651",1.01195114805111,1.73591994781292,0.466666666666667,0.576271186440678,0.915203693199631,1.10869860290259,1.84683740839731,1.62117774720838,0.533333333333333,0.4,0.633333333333333,0.517241379310345
"sub-49511403",0.812485825001689,0.877050270000472,0.9,0.916666666666667,0.929645366671806,0.695326283331573,0.89255693333689,0.861543606664054,0.833333333333333,0.966666666666667,0.9,0.933333333333333
"sub-50424898",0.594549558333333,0.595630665,0.8,0.833333333333333,0.586630916666667,0.6024682,0.590895806666667,0.600365523333333,0.8,0.8,0.8,0.866666666666667
"sub-51169068",1.68744566833484,2.03268282203067,0.9,0.898305084745763,1.96024762001277,1.41464371665691,2.34759988276898,1.7282629966503,0.866666666666667,0.933333333333333,0.862068965517241,0.933333333333333
"sub-51720072",0.80381815256796,0.826386077769308,0.947368421052632,0.944444444444444,0.821766684150421,0.785869620985499,0.802074062463362,0.845835690014064,0.894736842105263,1,0.875,1
"sub-51930179",0.977157964999303,3.38670480999911,0.483333333333333,0.45,0.985104549997292,0.969211380001313,3.34117723999855,3.43223237999967,0.5,0.466666666666667,0.433333333333333,0.466666666666667
"sub-52082664",1.07541360333756,1.12999243666806,0.9,0.966666666666667,1.25009884665875,0.900728360016364,1.25018452000416,1.00980035333196,0.866666666666667,0.933333333333333,0.933333333333333,1
"sub-5241753",2.45390149061714,2.40172404328308,0.683333333333333,0.816666666666667,2.30945003780046,2.59835294343381,2.72549690609982,2.07795118046633,0.633333333333333,0.733333333333333,0.8,0.833333333333333
"sub-52537895",0.713409867931613,1.29584526698405,0.474576271186441,0.474576271186441,0.748072611031239,0.677551857828552,1.27895252086746,1.31332052158742,0.333333333333333,0.620689655172414,0.433333333333333,0.517241379310345
"sub-53111670",0.899633313333227,2.24362986101236,0.733333333333333,0.745762711864407,0.908914716662063,0.890351910004392,2.14914429654439,2.33496590666473,0.833333333333333,0.633333333333333,0.724137931034483,0.766666666666667
"sub-53200427",0.889334841677919,1.02866115666305,0.95,0.833333333333333,1.02554379335294,0.753125890002896,1.19813496333081,0.859187349995288,0.933333333333333,0.966666666666667,0.766666666666667,0.9
"sub-53203764",1.14555617458294,2.34396032199875,0.8,0.6,1.11704000066481,1.17407234850107,2.32424991109874,2.36367073289875,0.866666666666667,0.733333333333333,0.6,0.6
"sub-53235608",1.21150625970719,1.12908129444307,0.816666666666667,0.816666666666667,1.25999479170035,1.16301772771403,1.31362112639472,0.944541462491422,0.866666666666667,0.766666666666667,0.733333333333333,0.9
"sub-53596668",1.02873606166667,1.61430949166667,0.6,0.633333333333333,1.03741952333333,1.0200526,1.6509119,1.57770708333333,0.733333333333333,0.466666666666667,0.633333333333333,0.633333333333333
"sub-53745577",1.69745087288136,2.21582149322034,1,0.949152542372881,1.72783927241379,1.66807542,2.2004292862069,2.23070062666667,1,1,1,0.9
"sub-53917772",0.743542768117671,0.960736583864072,0.683333333333333,0.76271186440678,0.740534237668423,0.746551298566919,0.959589638551075,0.961845297666635,0.633333333333333,0.733333333333333,0.758620689655172,0.766666666666667
"sub-54019160",2.7566887185003,1.48881251954978,0.716666666666667,0.8,2.74938118166732,2.76399625533328,1.46639774426609,1.51122729483347,0.733333333333333,0.7,0.766666666666667,0.833333333333333
"sub-54127362",1.65635459618333,1.6246107760339,0.683333333333333,0.694915254237288,1.7895465453,1.52316264706667,1.67655899982759,1.5743941597,0.633333333333333,0.733333333333333,0.655172413793103,0.733333333333333
"sub-54331997",1.03550420833333,1.032988625,0.933333333333333,0.916666666666667,0.997601003333333,1.07340741333333,1.12374805333333,0.942229196666667,0.933333333333333,0.933333333333333,0.833333333333333,1
"sub-54418858",1.13379952832765,1.70684511166182,0.8,0.783333333333333,1.07918633332786,1.18841272332744,1.75366294999452,1.66002727332913,0.833333333333333,0.766666666666667,0.666666666666667,0.9
"sub-54618920",1.35851454435227,2.72654393476745,0.516666666666667,0.5,1.37269320687434,1.34433588183019,2.67439793479474,2.77868993474015,0.466666666666667,0.566666666666667,0.5,0.5
"sub-54670375",1.40780535333421,1.83948776500086,0.85,0.9,1.57302245333364,1.24258825333479,1.71801231666759,1.96096321333413,0.833333333333333,0.866666666666667,0.966666666666667,0.833333333333333
"sub-55149552",1.01858437375098,1.15971911813443,0.966666666666667,0.95,1.37502945100035,0.662139296501603,1.40877762746725,0.910660608801603,0.933333333333333,1,0.966666666666667,0.933333333333333
"sub-55631350",2.43077893336886,1.9278612596856,0.616666666666667,0.666666666666667,2.39752509723185,2.46403276950587,1.98672965550407,1.86899286386712,0.566666666666667,0.666666666666667,0.666666666666667,0.666666666666667
"sub-55892488",1.15114926666667,2.23629143833333,0.866666666666667,0.883333333333333,1.10207763,1.20022090333333,1.88948021666667,2.58310266,0.966666666666667,0.766666666666667,0.933333333333333,0.833333333333333
"sub-56607284",1.53433383131668,1.66475298830508,0.55,0.610169491525424,1.45203226726664,1.61663539536673,1.69857115219996,1.62976868082762,0.5,0.6,0.633333333333333,0.586206896551724
"sub-56612188",0.98536377500277,0.60022367668959,0.983333333333333,0.983333333333333,1.05226558664193,0.918461963363613,0.66772078666836,0.53272656671082,0.966666666666667,1,0.966666666666667,1
"sub-56697795",1.01614375208333,3.09972610423333,0.65,0.65,0.978406736066667,1.0538807681,3.17960657783333,3.01984563063333,0.533333333333333,0.766666666666667,0.566666666666667,0.733333333333333
"sub-57003784",1.12561935143264,1.99771320833963,0.833333333333333,0.661016949152542,1.10615342566646,1.14508527719881,2.0534692511393,1.94381570029994,0.766666666666667,0.9,0.551724137931034,0.766666666666667
"sub-57070109",1.31138756528333,2.35471302553333,0.566666666666667,0.633333333333333,1.3169734823,1.30580164826667,2.557693169,2.15173288206667,0.5,0.633333333333333,0.666666666666667,0.6
"sub-57235239",1.25591363693333,1.60318421301667,0.6,0.416666666666667,1.26995395013333,1.24187332373333,1.57406865666667,1.63229976936667,0.566666666666667,0.633333333333333,0.366666666666667,0.466666666666667
"sub-57279057",1.18683761188343,3.09450248286674,0.883333333333333,0.883333333333333,1.22939460716674,1.14428061660013,2.95649373680014,3.23251122893334,0.866666666666667,0.9,0.833333333333333,0.933333333333333
"sub-57463332",0.788340703333354,1.47579855084748,0.916666666666667,0.898305084745763,0.784556763333361,0.792124643333348,1.27152711379306,1.67326094000009,0.866666666666667,0.966666666666667,0.931034482758621,0.866666666666667
"sub-57626857",1.29472229322044,1.88606288666657,0.830508474576271,0.866666666666667,1.52136312758526,1.07563615333444,1.9054394566682,1.86668631666495,0.724137931034483,0.933333333333333,0.8,0.933333333333333
"sub-58304658",1.32286540343333,1.52976892149999,0.6,0.65,1.27727126806664,1.36845953880002,1.5557005542,1.50383728879999,0.766666666666667,0.433333333333333,0.7,0.6
"sub-58714490",1.43818471790009,3.50151302838331,0.583333333333333,0.65,1.40734602560018,1.46902341020001,3.46574107779991,3.5372849789667,0.666666666666667,0.5,0.733333333333333,0.566666666666667
"sub-5886550",0.951699386653491,1.13658386167954,0.9,0.966666666666667,1.02028346665902,0.883115306647961,1.11619222333344,1.15697550002563,0.9,0.9,1,0.933333333333333
"sub-59745492",3.24379317192982,3.93365579245283,0.912280701754386,0.943396226415094,3.17108919655172,3.31909371785714,3.98646438461538,3.88280307407407,0.862068965517241,0.964285714285714,0.884615384615385,1
"sub-59804783",1.59064462666865,1.0782801305078,0.633333333333333,0.966101694915254,1.47709244666621,1.7041968066711,0.90975770342228,1.24118514335714,0.7,0.566666666666667,1,0.933333333333333
"sub-59834530",0.942573323349158,1.8580800896382,0.933333333333333,0.844827586206897,0.83724036332375,1.04790628337457,1.59001041069028,2.10827845665626,0.966666666666667,0.9,0.857142857142857,0.833333333333333
"sub-60010570",0.777560214996144,0.989822325422981,0.8,0.88135593220339,0.790495086661152,0.764625343331136,1.0914076500029,0.884734058616168,0.7,0.9,0.9,0.862068965517241
"sub-60501987",0.896287428333333,1.56276567333333,0.933333333333333,0.933333333333333,0.956358036666667,0.83621682,1.52604844333333,1.59948290333333,0.9,0.966666666666667,1,0.866666666666667
"sub-61405510",1.03046941946595,1.25318819496601,0.833333333333333,0.830508474576271,0.917943225065634,1.14299561386627,1.24919154589976,1.2573226595173,0.833333333333333,0.833333333333333,0.733333333333333,0.931034482758621
"sub-61489766",0.671187436667015,2.09021121666636,0.566666666666667,0.733333333333333,0.743603260000102,0.598771613333928,2.11615213666641,2.06427029666632,0.566666666666667,0.566666666666667,0.733333333333333,0.733333333333333
"sub-61727333",0.509840497166647,0.514653800200002,0.75,0.7,0.537017696966617,0.482663297366677,0.509984305700012,0.519323294699992,0.733333333333333,0.766666666666667,0.7,0.7
"sub-6225918",1.65056577666667,1.98215503166667,0.766666666666667,0.85,1.73004129666667,1.57109025666667,1.78272066666667,2.18158939666667,0.666666666666667,0.866666666666667,0.933333333333333,0.766666666666667
"sub-63063314",1.16671526613333,1.43504024991525,0.8,0.915254237288136,1.22125987573333,1.11217065653333,1.24723089134483,1.61658929653333,0.766666666666667,0.833333333333333,0.896551724137931,0.933333333333333
"sub-63260354",1.01723420974837,1.43749704314784,0.616666666666667,0.683333333333333,1.08563634180464,0.948832077692108,1.52991829866466,1.34507578763102,0.4,0.833333333333333,0.5,0.866666666666667
"sub-63400467",2.86427560305397,4.08042253108727,0.677966101694915,0.474576271186441,2.82337980830731,2.90658159761947,4.20107925721797,3.96378769582758,0.666666666666667,0.689655172413793,0.517241379310345,0.433333333333333
"sub-63761703",1.9662701559322,2.89545533703704,0.864406779661017,0.907407407407407,1.97559473448276,1.95725639666667,2.82601689642857,2.97023519615385,0.827586206896552,0.9,0.928571428571429,0.884615384615385
"sub-64067756",1.96959992123329,2.29818457968343,0.966666666666667,0.9,2.13723609830001,1.80196374416658,2.26755292820005,2.32881623116682,0.966666666666667,0.966666666666667,0.966666666666667,0.833333333333333
"sub-64610728",1.79991416666666,3.62057282999998,0.65,0.933333333333333,1.73579529,1.86403304333331,3.58262480714284,3.65377734999997,0.666666666666667,0.633333333333333,1,0.875
"sub-64773991",1.37362643605011,2.55640949303347,0.566666666666667,0.661016949152542,1.471917501399,1.27533537070121,2.50672382106616,2.60780846403414,0.633333333333333,0.5,0.6,0.724137931034483
"sub-64776667",1.34537442151674,1.57062234669499,0.516666666666667,0.627118644067797,1.36940452493333,1.32134431810015,1.69558941224135,1.44982085000017,0.466666666666667,0.566666666666667,0.551724137931034,0.7
"sub-65555551",1.05760723473359,1.82628183266643,0.666666666666667,0.716666666666667,1.14893803196683,0.966276437500346,1.74498303756676,1.9075806277661,0.733333333333333,0.6,0.633333333333333,0.8
"sub-65618959",0.971466776666542,1.03279286166653,0.85,1,0.973049186666321,0.969884366666762,1.13852288999963,0.927062833333427,0.866666666666667,0.833333333333333,1,1
"sub-66389427",2.77418379858531,2.4539285375465,0.593220338983051,0.75,2.41640543843748,3.12003621339488,2.84887995009776,2.05897712499524,0.724137931034483,0.466666666666667,0.7,0.8
"sub-66558102",1.00196767166562,1.18185317500005,0.566666666666667,0.5,0.947077963330958,1.05685738000029,1.20556225333276,1.15814409666734,0.533333333333333,0.6,0.433333333333333,0.566666666666667
"sub-67030306",1.0194230846207,2.94699542185734,0.533333333333333,0.491525423728814,0.874124796323789,1.1647213729176,2.92970193965205,2.96488523103522,0.633333333333333,0.433333333333333,0.533333333333333,0.448275862068966
"sub-68150897",1.02367014440242,1.8160351270502,0.55,0.474576271186441,1.04463157774104,1.0027087110638,1.84053160962649,1.79069393817817,0.5,0.6,0.4,0.551724137931034
"sub-68314204",0.720278466013648,1.10024236173291,0.4,0.633333333333333,0.723480462554532,0.717076469472765,1.08410371653736,1.11638100692847,0.333333333333333,0.466666666666667,0.466666666666667,0.8
"sub-68657905",0.950505207692308,1.46659057931034,0.557692307692308,0.517241379310345,0.882451034615385,1.01855938076923,1.53134027666667,1.39721590357143,0.615384615384615,0.5,0.533333333333333,0.5
"sub-68999924",2.07492048033334,4.30783434213527,0.683333333333333,0.779661016949153,2.25112188766725,1.89871907299942,4.57985689516572,4.02643170106929,0.566666666666667,0.8,0.733333333333333,0.827586206896552
"sub-69174238",0.728001618333333,1.07900660166667,0.883333333333333,0.933333333333333,0.62949527,0.826507966666667,0.979623246666667,1.17838995666667,0.966666666666667,0.8,0.966666666666667,0.9
"sub-69281231",0.828159703333328,1.54954255166666,0.9,1,0.840730046666734,0.815589359999922,1.53181600999997,1.56726909333335,0.833333333333333,0.966666666666667,1,1
"sub-69368303",0.959443416648961,2.64896063978061,0.866666666666667,0.76271186440678,0.970116397265519,0.948770436032403,2.51384563740091,2.7887347801734,0.866666666666667,0.866666666666667,0.8,0.724137931034483
"sub-70424639",1.03718337666457,2.01286153166535,0.733333333333333,0.6,1.08579444999535,0.988572303333785,2.16108057666473,1.86464248666598,0.6,0.866666666666667,0.533333333333333,0.666666666666667
"sub-70944285",1.89258299372547,2.10268413889377,0.583333333333333,0.566666666666667,1.83790298194314,1.9472630055078,1.96317425838982,2.24219401939772,0.6,0.566666666666667,0.533333333333333,0.6
"sub-71305954",0.572928630000005,2.90327928103447,0.633333333333333,0.741379310344828,0.583879856666666,0.561977403333344,2.70389108928573,3.08937492666663,0.666666666666667,0.6,0.75,0.733333333333333
"sub-71668202",0.607485433333265,2.63085405333313,0.783333333333333,0.916666666666667,0.545502526666799,0.66946833999973,2.55889409999969,2.70281400666657,0.9,0.666666666666667,0.9,0.933333333333333
"sub-7178270",3.36966129163793,3.51547350286207,0.5,0.672413793103448,3.2869405402069,3.45238204306897,3.66027482034483,3.37067218537931,0.724137931034483,0.275862068965517,0.862068965517241,0.482758620689655
"sub-71857445",0.868317306666722,1.77942276166699,0.5,0.533333333333333,0.881872873332759,0.854761740000686,1.7340647133334,1.82478081000057,0.533333333333333,0.466666666666667,0.633333333333333,0.433333333333333
"sub-72915899",0.805291128814441,1.60260188668035,0.508474576271186,0.633333333333333,0.81409965332908,0.796178862075161,1.37627502669736,1.82892874666334,0.3,0.724137931034483,0.7,0.566666666666667
"sub-73036255",0.800965102916667,1.18118146555932,0.983333333333333,0.966101694915254,0.837883246166667,0.764046959666667,1.16434131517241,1.1974602776,1,0.966666666666667,0.96551724137931,0.966666666666667
"sub-73221523",2.34400829381368,3.19637764477967,0.627118644067797,0.576271186440678,2.24768899855202,2.43711694589996,3.35996717633316,3.02714709489675,0.586206896551724,0.666666666666667,0.566666666666667,0.586206896551724
"sub-7367579",1.28672691166867,4.30549908800516,0.583333333333333,0.62,1.2084237133308,1.36503011000653,4.52982049615373,4.06248422917755,0.6,0.566666666666667,0.576923076923077,0.666666666666667
"sub-73728761",0.985285178599831,1.42560851033268,0.65,0.683333333333333,1.00246319770085,0.968107159498807,1.38888389049971,1.46233313016564,0.666666666666667,0.633333333333333,0.8,0.566666666666667
"sub-73803208",1.95186001333333,1.07337837833333,0.7,0.683333333333333,1.87298078666667,2.03073924,1.09661661,1.05014014666667,0.7,0.7,0.6,0.766666666666667
"sub-74409088",2.43283366332956,3.64756103619885,0.65,0.603448275862069,2.52211728666443,2.34355003999468,3.84048269283708,3.4675008233365,0.5,0.8,0.428571428571429,0.766666666666667
"sub-74445370",0.650678131636232,0.683860205028517,1,0.983333333333333,0.66758344663928,0.633772816633185,0.635637433330218,0.732082976726815,1,1,1,0.966666666666667
"sub-75026196",1.8288685846482,3.0711950079276,0.633333333333333,0.566666666666667,1.94803304713181,1.7097041221646,3.14322064805892,2.99916936779628,0.5,0.766666666666667,0.5,0.633333333333333
"sub-75945026",1.73291562360634,1.83434422509745,0.666666666666667,0.7,1.83603539036121,1.62979585685146,1.81043697462107,1.85825147557383,0.633333333333333,0.7,0.766666666666667,0.633333333333333
"sub-76042947",0.734047218335521,2.37096297931717,0.75,0.758620689655172,0.665794696668551,0.802299740002491,2.27594697334183,2.47276584286218,0.9,0.6,0.8,0.714285714285714
"sub-76058268",1.25374341874946,2.3393920323265,0.716666666666667,0.793103448275862,1.1608651471659,1.34662169033302,2.2432176823776,2.43556638227541,0.766666666666667,0.666666666666667,0.758620689655172,0.827586206896552
"sub-76584830",2.30433162656169,3.41324082161202,0.491228070175439,0.489795918367347,2.24341891099953,2.36741979625107,3.51342095312581,3.31706789535878,0.517241379310345,0.464285714285714,0.5,0.48
"sub-76726420",2.05426933333333,1.92200580833333,0.983333333333333,0.983333333333333,1.98740875666667,2.12112991,2.09771700333333,1.74629461333333,0.966666666666667,1,0.966666666666667,1
"sub-77870059",1.75344673937288,2.97163413290566,0.508474576271186,0.566037735849057,1.78478719443333,1.72102557896552,2.99855764655556,2.9436750995,0.466666666666667,0.551724137931034,0.481481481481481,0.653846153846154
"sub-78190732",2.0835140433308,2.06603298500316,0.533333333333333,0.416666666666667,2.18404882999991,1.98297925666169,2.21633863000316,1.91572734000316,0.5,0.566666666666667,0.366666666666667,0.466666666666667
"sub-78720357",5.70827869294656,2.32212391222329,0.6,0.46551724137931,5.70203340766818,5.71430093232214,2.27373738251657,2.37051044193002,0.481481481481481,0.714285714285714,0.517241379310345,0.413793103448276
"sub-79715137",3.38678989972881,2.84134507616667,0.559322033898305,0.583333333333333,3.51458931444822,3.26325046550005,2.61053092186665,3.07215923046668,0.620689655172414,0.5,0.566666666666667,0.6
"sub-79797174",0.581885178327987,2.17645757000428,0.833333333333333,0.85,0.581431243328067,0.582339113327907,2.20902776667111,2.14388737333744,0.9,0.766666666666667,0.866666666666667,0.833333333333333
"sub-79807812",1.68708563676667,0.9976540862,0.566666666666667,0.55,1.76942261696667,1.60474865656667,1.03148832643333,0.963819845966667,0.533333333333333,0.6,0.466666666666667,0.633333333333333
"sub-80027736",0.993692528332273,1.31889262241873,0.983333333333333,0.982758620689655,0.977734646655154,1.00965041000939,1.45776175357085,1.18928143334342,1,0.966666666666667,0.964285714285714,1
"sub-80211554",2.48820979322034,3.71946568793103,0.932203389830508,0.827586206896552,2.64199239310345,2.33955328,4.03716585333333,3.37907265357143,0.931034482758621,0.933333333333333,0.766666666666667,0.892857142857143
"sub-80468858",1.01872532500032,1.4237323450041,0.666666666666667,0.783333333333333,1.00572962334069,1.03172102665994,1.30685996666628,1.54060472334192,0.833333333333333,0.5,0.9,0.666666666666667
"sub-8117868",0.690047491666667,0.888444405,0.75,0.916666666666667,0.708645136666667,0.671449846666667,0.743259726666667,1.03362908333333,0.8,0.7,1,0.833333333333333
"sub-81211423",1.02858743,2.81611552413793,0.966666666666667,0.931034482758621,1.0162701,1.04090476,2.55002770689655,3.08220334137931,0.966666666666667,0.966666666666667,1,0.862068965517241
"sub-81469383",1.677009245,1.89050028166667,0.933333333333333,0.9,1.68566378,1.66835471,1.79810525333333,1.98289531,0.966666666666667,0.9,0.9,0.9
"sub-81703994",1.7305360433306,1.69050047499865,0.633333333333333,0.583333333333333,1.58473586999656,1.87633621666464,1.86826466999482,1.51273628000248,0.633333333333333,0.633333333333333,0.566666666666667,0.6
"sub-81773727",1.297203485,2.30215514166667,0.516666666666667,0.5,1.29087071,1.30353626,2.19961096333333,2.40469932,0.433333333333333,0.6,0.466666666666667,0.533333333333333
"sub-82033250",0.657898638333333,0.851077893333333,0.866666666666667,0.966666666666667,0.69143643,0.624360846666667,0.959053476666667,0.74310231,0.766666666666667,0.966666666666667,0.966666666666667,0.966666666666667
"sub-82563395",1.23673253166586,2.49416264333267,0.516666666666667,0.45,1.34285452999805,1.13061053333367,2.64193099999926,2.34639428666608,0.566666666666667,0.466666666666667,0.466666666666667,0.433333333333333
"sub-83306126",1.71572853833333,2.56824547627119,0.883333333333333,0.779661016949153,2.02126563666667,1.41019144,2.50781695517241,2.62665971333333,0.866666666666667,0.9,0.758620689655172,0.8
"sub-84044996",0.612857532845298,1.18140851141426,0.551724137931034,0.603448275862069,0.69975511865602,0.525959947034576,1.09883689303596,1.25847535523402,0.655172413793103,0.448275862068966,0.714285714285714,0.5
"sub-84670270",0.573414943332803,0.700800848333408,0.833333333333333,0.766666666666667,0.575078343333007,0.571751543332599,0.721976019999905,0.67962567666691,0.766666666666667,0.9,0.733333333333333,0.8
"sub-85030616",0.861896831666667,1.42926528448276,0.95,0.879310344827586,0.986886376666667,0.736907286666667,1.69883201724138,1.15969855172414,0.9,1,0.827586206896552,0.931034482758621
"sub-85142230",2.52724562333703,3.45473561379336,0.733333333333333,0.793103448275862,2.63262609666369,2.42186515001037,3.11640288666822,3.81723496428458,0.8,0.666666666666667,0.866666666666667,0.714285714285714
"sub-85178516",2.4221127912931,3.40228325663333,0.862068965517241,0.833333333333333,2.92179008232143,1.95574731966667,3.52763126,3.27693525326667,0.821428571428571,0.9,0.833333333333333,0.833333333333333
"sub-8526814",0.675502041663276,0.75682361254585,0.8,0.666666666666667,0.699271800008136,0.651732283318415,0.81232040275742,0.70132682233428,0.8,0.8,0.633333333333333,0.7
"sub-86036376",0.748116186666691,1.03002744999831,0.55,0.583333333333333,0.790285133329841,0.70594724000354,1.03545670000215,1.02459819999446,0.666666666666667,0.433333333333333,0.666666666666667,0.5
"sub-86410598",0.6399768611,0.538602157733333,0.433333333333333,0.5,0.692333987533333,0.587619734666667,0.529880825133333,0.547323490333333,0.433333333333333,0.433333333333333,0.5,0.5
"sub-86431577",0.700252293314528,2.25589234832894,0.733333333333333,0.8,0.728654963301179,0.671849623327877,2.45091869666476,2.06086599999311,0.733333333333333,0.733333333333333,0.8,0.8
"sub-86476770",1.82780516833333,1.93104867966102,0.883333333333333,0.898305084745763,1.52939672,2.12621361666667,2.00799682758621,1.85666547,0.9,0.866666666666667,0.931034482758621,0.866666666666667
"sub-86759685",3.49023830971564,4.80959324347827,0.65,0.741379310344828,3.91476659156615,3.06571002786513,4.89299719247582,4.72618929448072,0.633333333333333,0.666666666666667,0.689655172413793,0.793103448275862
"sub-87074095",1.1099918499977,1.48048120507797,0.983333333333333,0.966101694915254,1.03527163000156,1.18471206999384,1.22474382755122,1.72769400335383,1,0.966666666666667,1,0.933333333333333
"sub-87392208",1.13727636265,2.19856149933333,0.466666666666667,0.5,1.11702039776667,1.15753232753333,2.2260810089,2.17104198976667,0.466666666666667,0.466666666666667,0.533333333333333,0.466666666666667
"sub-8761747",1.18574675166941,1.17848497287812,0.766666666666667,0.610169491525424,1.4199407566688,0.95155274667001,1.43338034483042,0.932086113324234,0.833333333333333,0.7,0.482758620689655,0.733333333333333
"sub-8766540",2.12033943220339,4.24112439152542,0.830508474576271,0.661016949152542,2.33730132,1.8958961,4.34203999310345,4.14357264333333,0.933333333333333,0.724137931034483,0.620689655172414,0.7
"sub-87748992",1.67417126119835,1.44018651951337,0.466666666666667,0.516666666666667,1.730613247375,1.6177292750217,1.50479737375087,1.37557566527588,0.5,0.433333333333333,0.4,0.633333333333333
"sub-87761798",0.910242150013801,0.875850885840399,0.875,1,0.921515979990363,0.891452433386197,0.882317775045522,0.867228366900235,1,0.666666666666667,1,1
"sub-88379129",1.1068680296,1.29300617958333,0.45,0.583333333333333,1.1140153826,1.0997206766,1.25584957223333,1.33016278693333,0.4,0.5,0.533333333333333,0.633333333333333
"sub-88879100",2.87269459666859,3.37791307333585,0.55,0.65,2.79431184667046,2.95107734666672,3.4509383899994,3.3048877566723,0.566666666666667,0.533333333333333,0.633333333333333,0.666666666666667
"sub-89137894",0.697746892716667,2.59316262030508,0.516666666666667,0.559322033898305,0.721293443433333,0.674200342,2.28093920358621,2.8949785898,0.666666666666667,0.366666666666667,0.586206896551724,0.533333333333333
"sub-89577451",0.370820398333333,0.977948068333333,0.566666666666667,0.85,0.387790886666667,0.35384991,0.870438153333333,1.08545798333333,0.366666666666667,0.766666666666667,0.8,0.9
"sub-89740740",1.50088663000004,1.98548990999999,0.5,0.55,1.51487227666671,1.48690098333336,1.87926497666669,2.0917148433333,0.566666666666667,0.433333333333333,0.533333333333333,0.566666666666667
"sub-90322334",0.884963335000007,1.37673000333333,0.95,0.95,1.00394068000001,0.765985990000008,1.45817822,1.29528178666667,0.9,1,0.966666666666667,0.933333333333333
"sub-90583773",4.6261353533818,5.63254169207169,0.581818181818182,0.535714285714286,4.65321882844825,4.59592686196153,5.61304732908366,5.64716246431271,0.448275862068966,0.730769230769231,0.5,0.5625
"sub-90678986",1.1246930899991,1.50868906315187,0.783333333333333,0.87719298245614,0.881019853319352,1.36836632667886,1.1490210965356,1.88120231429015,1,0.566666666666667,0.96551724137931,0.785714285714286
"sub-90748364",1.1084653163902,1.32949010592834,0.559322033898305,0.576271186440678,1.24876033338309,0.972846799963736,1.18120212786404,1.48289146254658,0.241379310344828,0.866666666666667,0.466666666666667,0.689655172413793
"sub-91021712",2.14359391864312,3.00101902500222,0.491525423728814,0.4,2.0771869533346,2.21229077930711,2.87509129667014,3.12694675333429,0.566666666666667,0.413793103448276,0.4,0.4
"sub-91776243",1.19054759831633,3.7104118227828,0.633333333333333,0.754385964912281,1.19548517331326,1.18561002331941,3.38149961850744,4.00643280663062,0.633333333333333,0.633333333333333,0.740740740740741,0.766666666666667
"sub-91977916",0.552311693850004,1.64260617371665,0.7,0.766666666666667,0.532714249533327,0.571909138166681,1.62378202506664,1.66143032236666,0.633333333333333,0.766666666666667,0.7,0.833333333333333
"sub-92741366",1.88736186130021,3.29475483279729,0.666666666666667,0.457627118644068,1.82888990113327,1.94583382146714,3.14279532320167,3.45195432548243,0.7,0.633333333333333,0.4,0.517241379310345
"sub-92782644",0.803791955938184,1.24059198001244,0.88135593220339,0.966666666666667,0.846767059992999,0.759334951743548,0.970542993349955,1.51064096667493,0.9,0.862068965517241,0.966666666666667,0.966666666666667
"sub-93003152",0.930326793333333,2.10189294833333,0.95,0.983333333333333,0.991350223333333,0.869303363333333,2.14646053,2.05732536666667,0.933333333333333,0.966666666666667,1,0.966666666666667
"sub-93135816",0.757481239999591,1.18789511500023,0.916666666666667,0.933333333333333,0.779206966666,0.735755513333182,1.18226262666722,1.19352760333325,0.933333333333333,0.9,0.933333333333333,0.933333333333333
"sub-94150017",3.92203358000067,5.53261775614054,0.416666666666667,0.684210526315789,3.95946510000116,3.88460206000018,5.51892681999986,5.54782990740798,0.433333333333333,0.4,0.766666666666667,0.592592592592593
"sub-94288999",0.858421450041028,NA,0.666666666666667,NA,0.873789054553278,0.834272357236062,NA,NA,0.636363636363636,0.714285714285714,NA,NA
"sub-94310112",0.673246054283178,4.0106483128847,0.55,0.423076923076923,0.67707986926689,0.669412239299466,4.16034180071542,3.83600591041553,0.466666666666667,0.633333333333333,0.464285714285714,0.375
"sub-95616847",1.53419716526453,1.96209738698642,0.65,0.864406779661017,1.4652921889637,1.60310214156537,2.03697905967322,1.88463358765524,0.566666666666667,0.733333333333333,0.933333333333333,0.793103448275862
"sub-96515118",1.37870226933333,1.58309975945,0.583333333333333,0.716666666666667,1.38772503373333,1.36967950493333,1.45271108093333,1.71348843796667,0.733333333333333,0.433333333333333,0.766666666666667,0.666666666666667
"sub-97312297",1.63451218575065,5.7259780275476,0.85,0.738095238095238,1.42665184706954,1.84237252443175,5.72493294142935,5.72702311366586,0.866666666666667,0.833333333333333,0.666666666666667,0.80952380952381
"sub-9783860",0.607754865,1.15677297,0.85,0.916666666666667,0.576268836666667,0.639240893333333,1.36038207333333,0.953163866666667,0.766666666666667,0.933333333333333,0.866666666666667,0.966666666666667
"sub-99108341",0.984595501666667,2.15067942711864,0.766666666666667,0.932203389830508,1.13640450333333,0.8327865,3.06775455862069,1.26417346666667,0.566666666666667,0.966666666666667,0.862068965517241,1
"sub-99295944",0.722400946666373,0.89713623166687,0.833333333333333,0.8,0.765870366666544,0.678931526666201,0.779568380000516,1.01470408333322,0.733333333333333,0.933333333333333,0.8,0.8
"sub-99481724",0.680279113323195,0.663222501661706,0.7,0.683333333333333,0.661172586652295,0.699385639994095,0.725302096665837,0.601142906657575,0.533333333333333,0.866666666666667,0.466666666666667,0.9
"sub-999990",1.70005091016949,2.22640794166667,0.745762711864407,0.733333333333333,1.49922636551724,1.89418130333333,2.31993534666667,2.13288053666667,0.724137931034483,0.766666666666667,0.7,0.766666666666667
